Corpus d'apprentissage,Corpus de test,Pr�cision train �poque 1,Pr�cision train �poque 2,Pr�cision train �poque 3,Pr�cision train �poque 4,Pr�cision train �poque 5, Pr�cision train �poque 6, Pr�cision train �poque 7, Pr�cision train �poque 8, Pr�cision train �poque 9, Pr�cision train �poque 10,Pr�cision globale,Pr�cision OOV,Pr�cision sur les mots ambigus,Pourcentage OOV,KL divergence,Perplexit�
ftb,foot,0.9239781289,0.957099053,0.9655019583,0.9700855667,0.9731586421,0.9758473005,0.9772334633,0.9782985247,0.9794585598,0.9802861872,0.6429746157,0.2014480409,0.8265895954,4.825450658,0.0363862452,8.5167729875
ftb,ftb,0.9239781289,0.957099053,0.9655019583,0.9700855667,0.9731586421,0.9758473005,0.9772334633,0.9782985247,0.9794585598,0.9802861872,0.9463055959,0.7212336892,0.9220013899,7.6418328602,-0.0217393339,10.7378044039
ftb,gsd,0.9239781289,0.957099053,0.9655019583,0.9700855667,0.9731586421,0.9758473005,0.9772334633,0.9782985247,0.9794585598,0.9802861872,0.8892424553,0.5757906216,0.881073577,2.9933276809,-0.0050026527,4.2553192893
ftb,natdis,0.9239781289,0.957099053,0.9655019583,0.9700855667,0.9731586421,0.9758473005,0.9772334633,0.9782985247,0.9794585598,0.9802861872,0.7843739621,0.2483221477,0.8689088477,2.2302503041,0.0138776492,4.6326519906
ftb,foot,0.9242110405,0.957286739,0.9651039735,0.9701149633,0.973246832,0.9753362519,0.9772289407,0.9783460116,0.9794472535,0.9804263864,0.6406864498,0.2078364566,0.8076923077,4.825450658,0.0363862452,8.5167729875
ftb,ftb,0.9242110405,0.957286739,0.9651039735,0.9701149633,0.973246832,0.9753362519,0.9772289407,0.9783460116,0.9794472535,0.9804263864,0.9446538702,0.7200474496,0.9194996525,7.6418328602,-0.0217393339,10.7378044039
ftb,gsd,0.9242110405,0.957286739,0.9651039735,0.9701149633,0.973246832,0.9753362519,0.9772289407,0.9783460116,0.9794472535,0.9804263864,0.8918086635,0.5877862595,0.8806108283,2.9933276809,-0.0050026527,4.2553192893
ftb,natdis,0.9242110405,0.957286739,0.9651039735,0.9701149633,0.973246832,0.9753362519,0.9772289407,0.9783460116,0.9794472535,0.9804263864,0.7842909332,0.2478747204,0.8557232945,2.2302503041,0.0138776492,4.6326519906
ftb,partut,0.9242110405,0.957286739,0.9651039735,0.9701149633,0.973246832,0.9753362519,0.9772289407,0.9783460116,0.9794472535,0.9804263864,0.9161033797,0.6442307692,0.8914858097,0.2727909463,-0.0023727478,3.3973421146
ftb,pud,0.9242110405,0.957286739,0.9651039735,0.9701149633,0.973246832,0.9753362519,0.9772289407,0.9783460116,0.9794472535,0.9804263864,0.8347419007,0.5263157895,0.7994750164,6.9229918531,-0.0094000458,17.4604339295
ftb,sequoia,0.9242110405,0.957286739,0.9651039735,0.9701149633,0.973246832,0.9753362519,0.9772289407,0.9783460116,0.9794472535,0.9804263864,0.9132443532,0.68743818,0.9034369885,2.7352821912,-0.0057456749,12.6714029747
ftb,spoken,0.9242110405,0.957286739,0.9651039735,0.9701149633,0.973246832,0.9753362519,0.9772289407,0.9783460116,0.9794472535,0.9804263864,0.7816183816,0.4503311258,0.7110719875,1.5888229439,-0.003592405,10.2917213947
ftb,foot_ftb,0.9242110405,0.957286739,0.9651039735,0.9701149633,0.973246832,0.9753362519,0.9772289407,0.9783460116,0.9794472535,0.9804263864,0.8969211076,0.3871280277,0.9070738517,12.3751244148,-0.0148120928,9.5358736296
ftb,foot_gsd,0.9242110405,0.957286739,0.9651039735,0.9701149633,0.973246832,0.9753362519,0.9772289407,0.9783460116,0.9794472535,0.9804263864,0.74379399,0.2699091395,0.8434240363,7.6860692299,0.0161710633,10.7468847587
ftb,foot_natdis,0.9242110405,0.957286739,0.9651039735,0.9701149633,0.973246832,0.9753362519,0.9772289407,0.9783460116,0.9794472535,0.9804263864,0.7071343501,0.2207473669,0.8335217347,6.7460463745,0.0409108393,6.4279455806
ftb,foot_partut,0.9242110405,0.957286739,0.9651039735,0.9701149633,0.973246832,0.9753362519,0.9772289407,0.9783460116,0.9794472535,0.9804263864,0.6826666667,0.2172916667,0.8253160112,5.090868876,0.0285554119,8.2459780377
ftb,foot_pud,0.9242110405,0.957286739,0.9651039735,0.9701149633,0.973246832,0.9753362519,0.9772289407,0.9783460116,0.9794472535,0.9804263864,0.7635548094,0.3271177411,0.8019122981,11.586242489,0.0033390076,11.732446601
ftb,foot_sequoia,0.9242110405,0.957286739,0.9651039735,0.9701149633,0.973246832,0.9753362519,0.9772289407,0.9783460116,0.9794472535,0.9804263864,0.7525816649,0.2927983179,0.8543589744,7.4906919305,0.0151755499,9.7868300632
ftb,foot_spoken,0.9242110405,0.957286739,0.9651039735,0.9701149633,0.973246832,0.9753362519,0.9772289407,0.9783460116,0.9794472535,0.9804263864,0.6994790581,0.2470546233,0.7562955255,6.336859955,0.0175144697,9.69135927
ftb,ftb_gsd,0.9242110405,0.957286739,0.9651039735,0.9701149633,0.973246832,0.9753362519,0.9772289407,0.9783460116,0.9794472535,0.9804263864,0.9385839769,0.6848520023,0.9153286845,10.5430014377,-0.0219835108,11.462697223
ftb,ftb_natdis,0.9242110405,0.957286739,0.9651039735,0.9701149633,0.973246832,0.9753362519,0.9772289407,0.9783460116,0.9794472535,0.9804263864,0.9224835566,0.4985306465,0.9114006989,9.7762376968,-0.0190798573,8.5112910926
ftb,ftb_partut,0.9242110405,0.957286739,0.9651039735,0.9701149633,0.973246832,0.9753362519,0.9772289407,0.9783460116,0.9794472535,0.9804263864,0.9437284116,0.7170527915,0.918596831,7.8888192576,-0.0220279067,10.53391681
ftb,ftb_pud,0.9242110405,0.957286739,0.9651039735,0.9701149633,0.973246832,0.9753362519,0.9772289407,0.9783460116,0.9794472535,0.9804263864,0.9179123283,0.6180490545,0.8920500836,14.3362701368,-0.0223126147,12.1525409441
ftb,ftb_sequoia,0.9242110405,0.957286739,0.9651039735,0.9701149633,0.973246832,0.9753362519,0.9772289407,0.9783460116,0.9794472535,0.9804263864,0.9410467735,0.7107344633,0.9177929047,10.2849559479,-0.0222654041,11.1166489184
ftb,ftb_spoken,0.9242110405,0.957286739,0.9651039735,0.9701149633,0.973246832,0.9753362519,0.9772289407,0.9783460116,0.9794472535,0.9804263864,0.9254727736,0.6489082969,0.8935673084,9.1421830648,-0.0219038523,11.0270516944
ftb,gsd_natdis,0.9242110405,0.957286739,0.9651039735,0.9701149633,0.973246832,0.9753362519,0.9772289407,0.9783460116,0.9794472535,0.9804263864,0.8323694115,0.3467639594,0.8669806384,5.1719688871,0.0020345328,6.7703704651
ftb,gsd_partut,0.9242110405,0.957286739,0.9651039735,0.9701149633,0.973246832,0.9753362519,0.9772289407,0.9783460116,0.9794472535,0.9804263864,0.8967936689,0.5935357493,0.8829710145,3.2440004424,-0.0062949841,14.7158543331
ftb,gsd_pud,0.9242110405,0.957286739,0.9651039735,0.9701149633,0.973246832,0.9753362519,0.9772289407,0.9783460116,0.9794472535,0.9804263864,0.8511511216,0.5414320193,0.8228701047,9.6914513216,-0.0113926312,17.9855786501
ftb,gsd_sequoia,0.9242110405,0.957286739,0.9651039735,0.9701149633,0.973246832,0.9753362519,0.9772289407,0.9783460116,0.9794472535,0.9804263864,0.9025254081,0.6400414938,0.8919641819,5.6438234969,-0.0086482902,15.8568273337
ftb,gsd_spoken,0.9242110405,0.957286739,0.9651039735,0.9701149633,0.973246832,0.9753362519,0.9772289407,0.9783460116,0.9794472535,0.9804263864,0.8359659781,0.5194733955,0.788742845,4.5121097062,-0.006872704,13.7690351792
ftb,natdis_partut,0.9242110405,0.957286739,0.9651039735,0.9701149633,0.973246832,0.9753362519,0.9772289407,0.9783460116,0.9794472535,0.9804263864,0.8070609245,0.2654980761,0.8623853211,2.491982158,0.0091570123,4.8742348882
ftb,natdis_pud,0.9242110405,0.957286739,0.9651039735,0.9701149633,0.973246832,0.9753362519,0.9772289407,0.9783460116,0.9794472535,0.9804263864,0.817948151,0.4030116901,0.8179874214,9.0168466841,-0.0055802734,8.5478979701
ftb,natdis_sequoia,0.9242110405,0.957286739,0.9651039735,0.9701149633,0.973246832,0.9753362519,0.9772289407,0.9783460116,0.9794472535,0.9804263864,0.8419482189,0.3847812693,0.8771819138,4.8991779408,0.0012030822,6.3339099555
ftb,natdis_spoken,0.9242110405,0.957286739,0.9651039735,0.9701149633,0.973246832,0.9753362519,0.9772289407,0.9783460116,0.9794472535,0.9804263864,0.7830778997,0.3062718879,0.7842435959,3.7416596011,0.0033552331,6.4430898203
ftb,partut_pud,0.9242110405,0.957286739,0.9651039735,0.9701149633,0.973246832,0.9753362519,0.9772289407,0.9783460116,0.9794472535,0.9804263864,0.8424192399,0.530521262,0.808765276,7.1736646146,-0.0102588777,15.3663381826
ftb,partut_sequoia,0.9242110405,0.957286739,0.9651039735,0.9701149633,0.973246832,0.9753362519,0.9772289407,0.9783460116,0.9794472535,0.9804263864,0.9138310894,0.6834080717,0.9008219178,2.997014045,-0.0069868372,11.0045628855
ftb,partut_spoken,0.9242110405,0.957286739,0.9651039735,0.9701149633,0.973246832,0.9753362519,0.9772289407,0.9783460116,0.9794472535,0.9804263864,0.8086227545,0.4702970297,0.7453248811,1.8431820695,-0.0049702296,9.6259874952
ftb,pud_sequoia,0.9242110405,0.957286739,0.9651039735,0.9701149633,0.973246832,0.9753362519,0.9772289407,0.9783460116,0.9794472535,0.9804263864,0.8573115296,0.5689249281,0.8292291221,9.5476831201,-0.0118384732,15.8939732627
ftb,pud_spoken,0.9242110405,0.957286739,0.9651039735,0.9701149633,0.973246832,0.9753362519,0.9772289407,0.9783460116,0.9794472535,0.9804263864,0.8191694975,0.5077998924,0.7708346537,8.4159693295,-0.0105923647,15.3011422824
ftb,sequoia_spoken,0.9242110405,0.957286739,0.9651039735,0.9701149633,0.973246832,0.9753362519,0.9772289407,0.9783460116,0.9794472535,0.9804263864,0.8465316456,0.5753781951,0.7987006071,4.2614369447,-0.0074617604,11.8474700157
ftb,foot_ftb_gsd,0.9242110405,0.957286739,0.9651039735,0.9701149633,0.973246832,0.9753362519,0.9772289407,0.9783460116,0.9794472535,0.9804263864,0.896417004,0.4097273397,0.9045205938,15.1509566115,-0.0157048477,10.0240285088
ftb,foot_ftb_natdis,0.9242110405,0.957286739,0.9651039735,0.9701149633,0.973246832,0.9753362519,0.9772289407,0.9783460116,0.9794472535,0.9804263864,0.8835037883,0.3542283298,0.9011945915,14.1998746636,-0.0091999912,8.4861289263
ftb,foot_ftb_partut,0.9242110405,0.957286739,0.9651039735,0.9701149633,0.973246832,0.9753362519,0.9772289407,0.9783460116,0.9794472535,0.9804263864,0.8974479377,0.3907763679,0.9066257109,12.618424448,-0.0152329877,9.4226984493
ftb,foot_ftb_pud,0.9242110405,0.957286739,0.9651039735,0.9701149633,0.973246832,0.9753362519,0.9772289407,0.9783460116,0.9794472535,0.9804263864,0.8836619669,0.4261233436,0.8846304263,18.9147343975,-0.0167655263,10.516213487
ftb,foot_ftb_sequoia,0.9242110405,0.957286739,0.9651039735,0.9701149633,0.973246832,0.9753362519,0.9772289407,0.9783460116,0.9794472535,0.9804263864,0.8985303346,0.4239922292,0.906726257,14.951892948,-0.0159418954,9.818130221
ftb,foot_ftb_spoken,0.9242110405,0.957286739,0.9651039735,0.9701149633,0.973246832,0.9753362519,0.9772289407,0.9783460116,0.9794472535,0.9804263864,0.8852707231,0.3941704587,0.8850937808,13.812806429,-0.0155221053,9.8743128443
ftb,foot_gsd_natdis,0.9242110405,0.957286739,0.9651039735,0.9701149633,0.973246832,0.9753362519,0.9772289407,0.9783460116,0.9794472535,0.9804263864,0.7574292024,0.2636340469,0.8480039849,9.5845467615,0.0248069301,7.6199417416
ftb,foot_gsd_partut,0.9242110405,0.957286739,0.9651039735,0.9701149633,0.973246832,0.9753362519,0.9772289407,0.9783460116,0.9794472535,0.9804263864,0.7603079034,0.2767185587,0.8491714913,7.9293692631,0.0128199238,10.1865271872
ftb,foot_gsd_pud,0.9242110405,0.957286739,0.9651039735,0.9701149633,0.973246832,0.9753362519,0.9772289407,0.9783460116,0.9794472535,0.9804263864,0.7896584143,0.3554896142,0.8193667573,14.2588564898,-0.0012115811,12.5214639603
ftb,foot_gsd_sequoia,0.9242110405,0.957286739,0.9651039735,0.9701149633,0.973246832,0.9753362519,0.9772289407,0.9783460116,0.9794472535,0.9804263864,0.7931096304,0.3336352657,0.8630220661,10.2738968555,0.0060933413,11.176674513
ftb,foot_gsd_spoken,0.9242110405,0.957286739,0.9651039735,0.9701149633,0.973246832,0.9753362519,0.9772289407,0.9783460116,0.9794472535,0.9804263864,0.7550167472,0.2949838932,0.7948607522,9.1311239724,0.0078512328,10.9559675071
ftb,foot_natdis_partut,0.9242110405,0.957286739,0.9651039735,0.9701149633,0.973246832,0.9753362519,0.9772289407,0.9783460116,0.9794472535,0.9804263864,0.7255465247,0.2270078181,0.8398755604,7.0004055001,0.0354388045,6.4648029359
ftb,foot_natdis_pud,0.9242110405,0.957286739,0.9651039735,0.9701149633,0.973246832,0.9753362519,0.9772289407,0.9783460116,0.9794472535,0.9804263864,0.7685330994,0.3089397516,0.8157172272,13.4073063737,0.0113294229,8.6799183636
ftb,foot_natdis_sequoia,0.9242110405,0.957286739,0.9651039735,0.9701149633,0.973246832,0.9753362519,0.9772289407,0.9783460116,0.9794472535,0.9804263864,0.7632586877,0.280156132,0.8548686465,9.3633649132,0.0239152585,7.3551977263
ftb,foot_natdis_spoken,0.9242110405,0.957286739,0.9651039735,0.9701149633,0.973246832,0.9753362519,0.9772289407,0.9783460116,0.9794472535,0.9804263864,0.7278226366,0.2472885033,0.7913494577,8.2095329377,0.0261514845,7.4634555683
ftb,foot_partut_pud,0.9242110405,0.957286739,0.9651039735,0.9701149633,0.973246832,0.9753362519,0.9772289407,0.9783460116,0.9794472535,0.9804263864,0.7729957183,0.3314503416,0.8084703294,11.8295425222,0.0017473438,11.2063630669
ftb,foot_partut_sequoia,0.9242110405,0.957286739,0.9651039735,0.9701149633,0.973246832,0.9753362519,0.9772289407,0.9783460116,0.9794472535,0.9804263864,0.7682545732,0.2990879367,0.8588188108,7.7450510561,0.0119482288,9.3875094707
ftb,foot_partut_spoken,0.9242110405,0.957286739,0.9651039735,0.9701149633,0.973246832,0.9753362519,0.9772289407,0.9783460116,0.9794472535,0.9804263864,0.7200301773,0.2542937259,0.7712805329,6.5875327165,0.0140794478,9.3550157326
ftb,foot_pud_sequoia,0.9242110405,0.957286739,0.9651039735,0.9701149633,0.973246832,0.9753362519,0.9772289407,0.9783460116,0.9794472535,0.9804263864,0.7940162547,0.3698790938,0.8242464767,14.1519519298,-0.0016637787,11.8120726192
ftb,foot_pud_spoken,0.9242110405,0.957286739,0.9651039735,0.9701149633,0.973246832,0.9753362519,0.9772289407,0.9783460116,0.9794472535,0.9804263864,0.767311408,0.3403850725,0.7790107018,13.0091790467,-0.0004248016,11.8149097074
ftb,foot_sequoia_spoken,0.9242110405,0.957286739,0.9651039735,0.9701149633,0.973246832,0.9753362519,0.9772289407,0.9783460116,0.9794472535,0.9804263864,0.7611975693,0.3143807652,0.8016130194,8.9468057655,0.0071840143,10.3212127667
ftb,ftb_gsd_natdis,0.9242110405,0.957286739,0.9651039735,0.9701149633,0.973246832,0.9753362519,0.9772289407,0.9783460116,0.9794472535,0.9804263864,0.9193983006,0.5129378631,0.9084779266,12.6331699045,-0.0195337885,9.0486721591
ftb,ftb_gsd_partut,0.9242110405,0.957286739,0.9651039735,0.9701149633,0.973246832,0.9753362519,0.9772289407,0.9783460116,0.9794472535,0.9804263864,0.9379365625,0.6836619718,0.9146403181,10.7715560143,-0.0222244882,11.2239278124
ftb,ftb_gsd_pud,0.9242110405,0.957286739,0.9651039735,0.9701149633,0.973246832,0.9753362519,0.9772289407,0.9783460116,0.9794472535,0.9804263864,0.9155782769,0.6136145733,0.891079978,17.0125705017,-0.022342814,12.62847453
ftb,ftb_gsd_sequoia,0.9242110405,0.957286739,0.9651039735,0.9701149633,0.973246832,0.9753362519,0.9772289407,0.9783460116,0.9794472535,0.9804263864,0.9359737719,0.6854386359,0.914187643,13.1087108785,-0.0223874122,11.7279265244
ftb,ftb_gsd_spoken,0.9242110405,0.957286739,0.9651039735,0.9701149633,0.973246832,0.9753362519,0.9772289407,0.9783460116,0.9794472535,0.9804263864,0.9220142368,0.6360294118,0.8923341188,11.9843698161,-0.0220664862,11.666217892
ftb,ftb_natdis_partut,0.9242110405,0.957286739,0.9651039735,0.9701149633,0.973246832,0.9753362519,0.9772289407,0.9783460116,0.9794472535,0.9804263864,0.9223045341,0.5016433854,0.9108380889,10.0158513658,-0.0194042766,8.4475236652
ftb,ftb_natdis_pud,0.9242110405,0.957286739,0.9651039735,0.9701149633,0.973246832,0.9753362519,0.9772289407,0.9783460116,0.9794472535,0.9804263864,0.9034470361,0.508843717,0.8883855422,16.3527113208,-0.0200960527,9.6378778758
ftb,ftb_natdis_sequoia,0.9242110405,0.957286739,0.9651039735,0.9701149633,0.973246832,0.9753362519,0.9772289407,0.9783460116,0.9794472535,0.9804263864,0.9215544566,0.5316017316,0.9106518633,12.3677516865,-0.0197722072,8.8758684514
ftb,ftb_natdis_spoken,0.9242110405,0.957286739,0.9651039735,0.9701149633,0.973246832,0.9753362519,0.9772289407,0.9783460116,0.9794472535,0.9804263864,0.9079658591,0.4908289242,0.8892918826,11.2102333469,-0.019488788,8.9130629596
ftb,ftb_partut_pud,0.9242110405,0.957286739,0.9651039735,0.9701149633,0.973246832,0.9753362519,0.9772289407,0.9783460116,0.9794472535,0.9804263864,0.9178676051,0.6185491276,0.8920359532,14.5611383492,-0.0224847947,11.9145009472
ftb,ftb_partut_sequoia,0.9242110405,0.957286739,0.9651039735,0.9701149633,0.973246832,0.9753362519,0.9772289407,0.9783460116,0.9794472535,0.9804263864,0.940328417,0.7088364435,0.9170325694,10.524569617,-0.0224975985,10.9104649037
ftb,ftb_partut_spoken,0.9242110405,0.957286739,0.9651039735,0.9701149633,0.973246832,0.9753362519,0.9772289407,0.9783460116,0.9794472535,0.9804263864,0.9252037718,0.6487708392,0.8935083363,9.3781103697,-0.0221562126,10.8289933648
ftb,ftb_pud_sequoia,0.9242110405,0.957286739,0.9651039735,0.9701149633,0.973246832,0.9753362519,0.9772289407,0.9783460116,0.9794472535,0.9804263864,0.9174950207,0.629093199,0.8930065398,16.8761750286,-0.022540223,12.3362629174
ftb,ftb_pud_spoken,0.9242110405,0.957286739,0.9651039735,0.9701149633,0.973246832,0.9753362519,0.9772289407,0.9783460116,0.9794472535,0.9804263864,0.9054211186,0.593724988,0.8741739769,15.7555203303,-0.0222689083,12.2858205061
ftb,ftb_sequoia_spoken,0.9242110405,0.957286739,0.9651039735,0.9701149633,0.973246832,0.9753362519,0.9772289407,0.9783460116,0.9794472535,0.9804263864,0.9242166985,0.6576698156,0.8944978397,11.7336970546,-0.0223475088,11.3405712591
ftb,gsd_natdis_partut,0.9242110405,0.957286739,0.9651039735,0.9701149633,0.973246832,0.9753362519,0.9772289407,0.9783460116,0.9794472535,0.9804263864,0.8410353483,0.3562653563,0.8697107784,5.4152689203,-4.2843e-05,6.8027433483
ftb,gsd_natdis_pud,0.9242110405,0.957286739,0.9651039735,0.9701149633,0.973246832,0.9753362519,0.9772289407,0.9783460116,0.9794472535,0.9804263864,0.8336164097,0.4314218645,0.8313717733,11.7558152394,-0.0084682192,9.699720586
ftb,gsd_natdis_sequoia,0.9242110405,0.957286739,0.9651039735,0.9701149633,0.973246832,0.9753362519,0.9772289407,0.9783460116,0.9794472535,0.9804263864,0.8573558333,0.4294979582,0.8782533256,7.7634828768,-0.004149917,7.9511397472
ftb,gsd_natdis_spoken,0.9242110405,0.957286739,0.9651039735,0.9701149633,0.973246832,0.9753362519,0.9772289407,0.9783460116,0.9794472535,0.9804263864,0.816391999,0.3698866437,0.8126406218,6.6170236296,-0.0025244181,7.8808767964
ftb,gsd_partut_pud,0.9242110405,0.957286739,0.9651039735,0.9701149633,0.973246832,0.9753362519,0.9772289407,0.9783460116,0.9794472535,0.9804263864,0.8556395109,0.5442212366,0.8279483536,9.9310649906,-0.012095809,16.2970750174
ftb,gsd_partut_sequoia,0.9242110405,0.957286739,0.9651039735,0.9701149633,0.973246832,0.9753362519,0.9772289407,0.9783460116,0.9794472535,0.9804263864,0.9040778288,0.6402559055,0.8919056854,5.8908098942,-0.00959298,13.8992195779
ftb,gsd_partut_spoken,0.9242110405,0.957286739,0.9651039735,0.9701149633,0.973246832,0.9753362519,0.9772289407,0.9783460116,0.9794472535,0.9804263864,0.8450172902,0.5262065387,0.8003197893,4.7517233752,-0.0079221759,12.6385920305
ftb,gsd_pud_sequoia,0.9242110405,0.957286739,0.9651039735,0.9701149633,0.973246832,0.9753362519,0.9772289407,0.9783460116,0.9794472535,0.9804263864,0.8650160477,0.5725738397,0.8407557355,12.2682198548,-0.013385872,16.6689339525
ftb,gsd_pud_spoken,0.9242110405,0.957286739,0.9651039735,0.9701149633,0.973246832,0.9753362519,0.9772289407,0.9783460116,0.9794472535,0.9804263864,0.8352927774,0.5236245955,0.7944380877,11.1291333358,-0.0122680076,16.0767690121
ftb,gsd_sequoia_spoken,0.9242110405,0.957286739,0.9651039735,0.9701149633,0.973246832,0.9753362519,0.9772289407,0.9783460116,0.9794472535,0.9804263864,0.8614878611,0.579393084,0.824520458,7.1220555166,-0.0098803881,13.9042192981
ftb,natdis_partut_pud,0.9242110405,0.957286739,0.9651039735,0.9701149633,0.973246832,0.9753362519,0.9772289407,0.9783460116,0.9794472535,0.9804263864,0.8243274672,0.4078819647,0.823137209,9.2601467173,-0.0066714688,8.4315513476
ftb,natdis_partut_sequoia,0.9242110405,0.957286739,0.9651039735,0.9701149633,0.973246832,0.9753362519,0.9772289407,0.9783460116,0.9794472535,0.9804263864,0.8496234413,0.3928358209,0.8787822189,5.1535370664,-0.0007943974,6.4035634754
ftb,natdis_partut_spoken,0.9242110405,0.957286739,0.9651039735,0.9701149633,0.973246832,0.9753362519,0.9772289407,0.9783460116,0.9794472535,0.9804263864,0.7966950222,0.3171032357,0.7953738196,3.9886459985,0.0011889457,6.4979040542
ftb,natdis_pud_sequoia,0.9242110405,0.957286739,0.9651039735,0.9701149633,0.973246832,0.9753362519,0.9772289407,0.9783460116,0.9794472535,0.9804263864,0.8381603589,0.4504787058,0.8361005105,11.5825561249,-0.008900761,9.2218161633
ftb,natdis_pud_spoken,0.9242110405,0.957286739,0.9651039735,0.9701149633,0.973246832,0.9753362519,0.9772289407,0.9783460116,0.9794472535,0.9804263864,0.8100753377,0.4102133378,0.7919760137,10.4471559701,-0.0077219293,9.226144943
ftb,natdis_sequoia_spoken,0.9242110405,0.957286739,0.9651039735,0.9701149633,0.973246832,0.9753362519,0.9772289407,0.9783460116,0.9794472535,0.9804263864,0.8229540165,0.3990847784,0.8191081931,6.3552917757,-0.0031432704,7.5228091723
ftb,partut_pud_sequoia,0.9242110405,0.957286739,0.9651039735,0.9701149633,0.973246832,0.9753362519,0.9772289407,0.9783460116,0.9794472535,0.9804263864,0.8613744401,0.5709192768,0.8338495849,9.7909831533,-0.0125243541,14.6388171411
ftb,partut_pud_spoken,0.9242110405,0.957286739,0.9651039735,0.9701149633,0.973246832,0.9753362519,0.9772289407,0.9783460116,0.9794472535,0.9804263864,0.8258189455,0.5115122972,0.7793485304,8.6518966343,-0.0113305675,14.214498497
ftb,partut_sequoia_spoken,0.9242110405,0.957286739,0.9651039735,0.9701149633,0.973246832,0.9753362519,0.9772289407,0.9783460116,0.9794472535,0.9804263864,0.8543902987,0.5789213261,0.8091999622,4.5157960703,-0.0084913393,11.1410788858
ftb,pud_sequoia_spoken,0.9242110405,0.957286739,0.9651039735,0.9701149633,0.973246832,0.9753362519,0.9772289407,0.9783460116,0.9794472535,0.9804263864,0.8400473934,0.5462042715,0.799112485,10.9964242268,-0.0126800002,14.8630174446
ftb,foot_ftb_gsd_natdis,0.9242110405,0.957286739,0.9651039735,0.9701149633,0.973246832,0.9753362519,0.9772289407,0.9783460116,0.9794472535,0.9804263864,0.8842336978,0.3748674954,0.8994163269,16.9609614038,-0.0105399835,8.899540944
ftb,foot_ftb_gsd_partut,0.9242110405,0.957286739,0.9651039735,0.9701149633,0.973246832,0.9753362519,0.9772289407,0.9783460116,0.9794472535,0.9804263864,0.8969056902,0.4126849382,0.904181071,15.375824824,-0.0160512111,9.9062576514
ftb,foot_ftb_gsd_pud,0.9242110405,0.957286739,0.9651039735,0.9701149633,0.973246832,0.9753362519,0.9772289407,0.9783460116,0.9794472535,0.9804263864,0.8843075371,0.4396567464,0.8843171901,21.5025620231,-0.0171995116,10.8569380076
ftb,foot_ftb_gsd_sequoia,0.9242110405,0.957286739,0.9651039735,0.9701149633,0.973246832,0.9753362519,0.9772289407,0.9783460116,0.9794472535,0.9804263864,0.8979270315,0.440402054,0.9044261493,17.657684226,-0.0166009338,10.2423052272
ftb,foot_ftb_gsd_spoken,0.9242110405,0.957286739,0.9651039735,0.9701149633,0.973246832,0.9753362519,0.9772289407,0.9783460116,0.9794472535,0.9804263864,0.8858560794,0.4137931034,0.8847055523,16.5333431636,-0.0162279405,10.306044073
ftb,foot_ftb_natdis_partut,0.9242110405,0.957286739,0.9651039735,0.9701149633,0.973246832,0.9753362519,0.9772289407,0.9783460116,0.9794472535,0.9804263864,0.8842950481,0.3573818486,0.9009466144,14.4358019685,-0.0097218694,8.4273844435
ftb,foot_ftb_natdis_pud,0.9242110405,0.957286739,0.9651039735,0.9701149633,0.973246832,0.9753362519,0.9772289407,0.9783460116,0.9794472535,0.9804263864,0.874105717,0.3936603651,0.8819470314,20.6583846352,-0.0121590634,9.3611521739
ftb,foot_ftb_natdis_sequoia,0.9242110405,0.957286739,0.9651039735,0.9701149633,0.973246832,0.9753362519,0.9772289407,0.9783460116,0.9794472535,0.9804263864,0.8861171758,0.3864005348,0.9013864714,16.7434659196,-0.010750289,8.7730273338
ftb,foot_ftb_natdis_spoken,0.9242110405,0.957286739,0.9651039735,0.9701149633,0.973246832,0.9753362519,0.9772289407,0.9783460116,0.9794472535,0.9804263864,0.8743250054,0.3626278217,0.8820693455,15.6006930365,-0.0103617951,8.8350508461
ftb,foot_ftb_partut_pud,0.9242110405,0.957286739,0.9651039735,0.9701149633,0.973246832,0.9753362519,0.9772289407,0.9783460116,0.9794472535,0.9804263864,0.884367087,0.4283601223,0.8847873438,19.1359162458,-0.017016616,10.3945682248
ftb,foot_ftb_partut_sequoia,0.9242110405,0.957286739,0.9651039735,0.9701149633,0.973246832,0.9753362519,0.9772289407,0.9783460116,0.9794472535,0.9804263864,0.8989665689,0.4267386091,0.9063288935,15.1878202529,-0.0162801877,9.7060612703
ftb,foot_ftb_partut_spoken,0.9242110405,0.957286739,0.9651039735,0.9701149633,0.973246832,0.9753362519,0.9772289407,0.9783460116,0.9794472535,0.9804263864,0.8860340805,0.397328476,0.8852574653,14.0450473698,-0.0158799197,9.7593623958
ftb,foot_ftb_pud_sequoia,0.9242110405,0.957286739,0.9651039735,0.9701149633,0.973246832,0.9753362519,0.9772289407,0.9783460116,0.9794472535,0.9804263864,0.8860057266,0.4500362056,0.8860818882,21.3993438272,-0.0173738301,10.6894227193
ftb,foot_ftb_pud_spoken,0.9242110405,0.957286739,0.9651039735,0.9701149633,0.973246832,0.9753362519,0.9772289407,0.9783460116,0.9794472535,0.9804263864,0.8753713293,0.4281275701,0.8688579962,20.2786891289,-0.0170598062,10.7488854997
ftb,foot_ftb_sequoia_spoken,0.9242110405,0.957286739,0.9651039735,0.9701149633,0.973246832,0.9753362519,0.9772289407,0.9783460116,0.9794472535,0.9804263864,0.887774796,0.426602494,0.8866672015,16.3416522284,-0.0164636877,10.1037533263
ftb,foot_gsd_natdis_partut,0.9242110405,0.957286739,0.9651039735,0.9701149633,0.973246832,0.9753362519,0.9772289407,0.9783460116,0.9794472535,0.9804263864,0.7678524787,0.26861167,0.851419579,9.8204740664,0.0216116236,7.5762676396
ftb,foot_gsd_natdis_pud,0.9242110405,0.957286739,0.9651039735,0.9701149633,0.973246832,0.9753362519,0.9772289407,0.9783460116,0.9794472535,0.9804263864,0.7885793453,0.3329268293,0.8270631068,16.0614885538,0.0059100229,9.4265966099
ftb,foot_gsd_natdis_sequoia,0.9242110405,0.957286739,0.9651039735,0.9701149633,0.973246832,0.9753362519,0.9772289407,0.9783460116,0.9794472535,0.9804263864,0.7907758564,0.311999097,0.8609383524,12.1281380175,0.0144831643,8.3080737918
ftb,foot_gsd_natdis_spoken,0.9242110405,0.957286739,0.9651039735,0.9701149633,0.973246832,0.9753362519,0.9772289407,0.9783460116,0.9794472535,0.9804263864,0.7627181582,0.2829563628,0.8114792591,10.9853651344,0.0162100489,8.3571430262
ftb,foot_gsd_partut_pud,0.9242110405,0.957286739,0.9651039735,0.9701149633,0.973246832,0.9753362519,0.9772289407,0.9783460116,0.9794472535,0.9804263864,0.7959706233,0.359010435,0.8235436307,14.4910974306,-0.0023630336,12.0279474986
ftb,foot_gsd_partut_sequoia,0.9242110405,0.957286739,0.9651039735,0.9701149633,0.973246832,0.9753362519,0.9772289407,0.9783460116,0.9794472535,0.9804263864,0.8017064088,0.3384363853,0.8654074851,10.5135105246,0.0041605736,10.681706999
ftb,foot_gsd_partut_spoken,0.9242110405,0.957286739,0.9651039735,0.9701149633,0.973246832,0.9753362519,0.9772289407,0.9783460116,0.9794472535,0.9804263864,0.7661922101,0.3004680658,0.8025115664,9.3670512773,0.0058112469,10.5631428343
ftb,foot_gsd_pud_sequoia,0.9242110405,0.957286739,0.9651039735,0.9701149633,0.973246832,0.9753362519,0.9772289407,0.9783460116,0.9794472535,0.9804263864,0.8105546394,0.391055532,0.8344975593,16.780329561,-0.0048478156,12.4726473594
ftb,foot_gsd_pud_spoken,0.9242110405,0.957286739,0.9651039735,0.9701149633,0.973246832,0.9753362519,0.9772289407,0.9783460116,0.9794472535,0.9804263864,0.7882678186,0.3646983174,0.796861661,15.6301839496,-0.0037587366,12.4180259238
ftb,foot_gsd_sequoia_spoken,0.9242110405,0.957286739,0.9651039735,0.9701149633,0.973246832,0.9753362519,0.9772289407,0.9783460116,0.9794472535,0.9804263864,0.7904639235,0.3476759628,0.8203635565,11.6857743208,0.0014752469,11.2634319754
ftb,foot_natdis_partut_pud,0.9242110405,0.957286739,0.9651039735,0.9701149633,0.973246832,0.9753362519,0.9772289407,0.9783460116,0.9794472535,0.9804263864,0.7755779963,0.3124809587,0.8199203556,13.6432336786,0.0095515434,8.5733963617
ftb,foot_natdis_partut_sequoia,0.9242110405,0.957286739,0.9651039735,0.9701149633,0.973246832,0.9753362519,0.9772289407,0.9783460116,0.9794472535,0.9804263864,0.7732995507,0.2848620433,0.8577535183,9.6103513105,0.0208031407,7.326730736
ftb,foot_natdis_partut_spoken,0.9242110405,0.957286739,0.9651039735,0.9701149633,0.973246832,0.9753362519,0.9772289407,0.9783460116,0.9794472535,0.9804263864,0.7401047881,0.2524870923,0.7988280032,8.4528329708,0.0228797694,7.4345197226
ftb,foot_natdis_pud_sequoia,0.9242110405,0.957286739,0.9651039735,0.9701149633,0.973246832,0.9753362519,0.9772289407,0.9783460116,0.9794472535,0.9804263864,0.7920610279,0.3445229682,0.8309219858,15.932465809,0.0054527072,9.1366777988
ftb,foot_natdis_pud_spoken,0.9242110405,0.957286739,0.9651039735,0.9701149633,0.973246832,0.9753362519,0.9772289407,0.9783460116,0.9794472535,0.9804263864,0.7707097396,0.3209691051,0.794747158,14.79337929,0.0067117422,9.1917636004
ftb,foot_natdis_sequoia_spoken,0.9242110405,0.957286739,0.9651039735,0.9701149633,0.973246832,0.9753362519,0.9772289407,0.9783460116,0.9794472535,0.9804263864,0.7672732039,0.2975813743,0.8164225941,10.7752423784,0.015550972,8.1069950969
ftb,foot_partut_pud_sequoia,0.9242110405,0.957286739,0.9651039735,0.9701149633,0.973246832,0.9753362519,0.9772289407,0.9783460116,0.9794472535,0.9804263864,0.8001111596,0.3731879856,0.8281492248,14.3878792347,-0.0027923914,11.393216756
ftb,foot_partut_pud_spoken,0.9242110405,0.957286739,0.9651039735,0.9701149633,0.973246832,0.9753362519,0.9772289407,0.9783460116,0.9794472535,0.9804263864,0.7746998894,0.3440948579,0.7852852154,13.2414199875,-0.0016064908,11.397720599
ftb,foot_partut_sequoia_spoken,0.9242110405,0.957286739,0.9651039735,0.9701149633,0.973246832,0.9753362519,0.9772289407,0.9783460116,0.9794472535,0.9804263864,0.7719448276,0.3194878666,0.8087504143,9.1974785269,0.0051919524,9.9904183265
ftb,foot_pud_sequoia_spoken,0.9242110405,0.957286739,0.9651039735,0.9701149633,0.973246832,0.9753362519,0.9772289407,0.9783460116,0.9794472535,0.9804263864,0.7918718573,0.3776127321,0.8006842062,15.5380248461,-0.0041578061,11.8988872826
ftb,ftb_gsd_natdis_partut,0.9242110405,0.957286739,0.9651039735,0.9701149633,0.973246832,0.9753362519,0.9772289407,0.9783460116,0.9794472535,0.9804263864,0.9193149113,0.515298185,0.9080422873,12.8543517529,-0.0198011645,8.9726253431
ftb,ftb_gsd_natdis_pud,0.9242110405,0.957286739,0.9651039735,0.9701149633,0.973246832,0.9753362519,0.9772289407,0.9783460116,0.9794472535,0.9804263864,0.9025099796,0.5173672436,0.8877876043,19.0068935009,-0.0202424635,10.0383582862
ftb,ftb_gsd_natdis_sequoia,0.9242110405,0.957286739,0.9651039735,0.9701149633,0.973246832,0.9753362519,0.9772289407,0.9783460116,0.9794472535,0.9804263864,0.9188360116,0.5393006575,0.9080450539,15.1509566115,-0.0200638694,9.347090898
ftb,ftb_gsd_natdis_spoken,0.9242110405,0.957286739,0.9651039735,0.9701149633,0.973246832,0.9753362519,0.9772289407,0.9783460116,0.9794472535,0.9804263864,0.9064929961,0.5043267041,0.8885510051,14.0081837284,-0.0198151673,9.3973277577
ftb,ftb_gsd_partut_pud,0.9242110405,0.957286739,0.9651039735,0.9701149633,0.973246832,0.9753362519,0.9772289407,0.9783460116,0.9794472535,0.9804263864,0.9155901245,0.6141150582,0.8910892987,17.2300659859,-0.0224804529,12.3795068629
ftb,ftb_gsd_partut_sequoia,0.9242110405,0.957286739,0.9651039735,0.9701149633,0.973246832,0.9753362519,0.9772289407,0.9783460116,0.9794472535,0.9804263864,0.9354589472,0.6844990134,0.9135934633,13.3335790909,-0.0225785341,11.5033678809
ftb,ftb_gsd_partut_spoken,0.9242110405,0.957286739,0.9651039735,0.9701149633,0.973246832,0.9753362519,0.9772289407,0.9783460116,0.9794472535,0.9804263864,0.9218615163,0.6362208259,0.8923123136,12.2055516644,-0.0222756569,11.4564865311
ftb,ftb_gsd_pud_sequoia,0.9242110405,0.957286739,0.9651039735,0.9701149633,0.973246832,0.9753362519,0.9772289407,0.9783460116,0.9794472535,0.9804263864,0.9153867541,0.6238822396,0.8920367119,19.511925388,-0.0224832122,12.7661417365
ftb,ftb_gsd_pud_spoken,0.9242110405,0.957286739,0.9651039735,0.9701149633,0.973246832,0.9753362519,0.9772289407,0.9783460116,0.9794472535,0.9804263864,0.904306381,0.5929648241,0.8746700906,18.3875843256,-0.0222398415,12.7162119281
ftb,ftb_gsd_sequoia_spoken,0.9242110405,0.957286739,0.9651039735,0.9701149633,0.973246832,0.9753362519,0.9772289407,0.9783460116,0.9794472535,0.9804263864,0.9211973414,0.6457206787,0.8932898603,14.5169019796,-0.0223984418,11.8891094375
ftb,ftb_natdis_partut_pud,0.9242110405,0.957286739,0.9651039735,0.9701149633,0.973246832,0.9753362519,0.9772289407,0.9783460116,0.9794472535,0.9804263864,0.9037268173,0.5106770833,0.8884555235,16.5738931692,-0.0202855981,9.5501969036
ftb,ftb_natdis_partut_sequoia,0.9242110405,0.957286739,0.9651039735,0.9701149633,0.973246832,0.9753362519,0.9772289407,0.9783460116,0.9794472535,0.9804263864,0.9214164956,0.5335941487,0.9101600154,12.5999926273,-0.0200316259,8.8055666233
ftb,ftb_natdis_partut_spoken,0.9242110405,0.957286739,0.9651039735,0.9701149633,0.973246832,0.9753362519,0.9772289407,0.9783460116,0.9794472535,0.9804263864,0.9081712531,0.493591964,0.8893471947,11.4387879235,-0.0197640822,8.8433609204
ftb,ftb_natdis_pud_sequoia,0.9242110405,0.957286739,0.9651039735,0.9701149633,0.973246832,0.9753362519,0.9772289407,0.9783460116,0.9794472535,0.9804263864,0.9042357122,0.5298707348,0.8895319846,18.8446934788,-0.0204104234,9.8902262523
ftb,ftb_natdis_pud_spoken,0.9242110405,0.957286739,0.9651039735,0.9701149633,0.973246832,0.9753362519,0.9772289407,0.9783460116,0.9794472535,0.9804263864,0.8933905084,0.5025937279,0.8724796883,17.7166660523,-0.0202009943,9.9227033524
ftb,ftb_natdis_sequoia_spoken,0.9242110405,0.957286739,0.9651039735,0.9701149633,0.973246832,0.9753362519,0.9772289407,0.9783460116,0.9794472535,0.9804263864,0.9084469481,0.5205807514,0.8904875783,13.7538246028,-0.0200521505,9.223775551
ftb,ftb_partut_pud_sequoia,0.9242110405,0.957286739,0.9651039735,0.9701149633,0.973246832,0.9753362519,0.9772289407,0.9783460116,0.9794472535,0.9804263864,0.9174636212,0.6293370508,0.8929715832,17.0973568769,-0.0226706655,12.1052526469
ftb,ftb_partut_pud_spoken,0.9242110405,0.957286739,0.9651039735,0.9701149633,0.973246832,0.9753362519,0.9772289407,0.9783460116,0.9794472535,0.9804263864,0.9056615594,0.594552039,0.8745656444,15.9730158145,-0.0224153195,12.0560628676
ftb,ftb_partut_sequoia_spoken,0.9242110405,0.957286739,0.9651039735,0.9701149633,0.973246832,0.9753362519,0.9772289407,0.9783460116,0.9794472535,0.9804263864,0.9240070682,0.6573626374,0.8944203428,11.9696243595,-0.0225480131,11.1442600121
ftb,ftb_pud_sequoia_spoken,0.9242110405,0.957286739,0.9651039735,0.9701149633,0.973246832,0.9753362519,0.9772289407,0.9783460116,0.9794472535,0.9804263864,0.9060616505,0.6067787269,0.8764077029,18.2622479449,-0.022437654,12.4472577697
ftb,gsd_natdis_partut_pud,0.9242110405,0.957286739,0.9651039735,0.9701149633,0.973246832,0.9753362519,0.9772289407,0.9783460116,0.9794472535,0.9804263864,0.8378992134,0.4350692156,0.8347338936,11.9917425443,-0.0092946101,9.5295306862
ftb,gsd_natdis_partut_sequoia,0.9242110405,0.957286739,0.9651039735,0.9701149633,0.973246832,0.9753362519,0.9772289407,0.9783460116,0.9794472535,0.9804263864,0.8616961899,0.4347316616,0.8793080506,8.0030965459,-0.0054241503,7.8778894342
ftb,gsd_natdis_partut_spoken,0.9242110405,0.957286739,0.9651039735,0.9701149633,0.973246832,0.9753362519,0.9772289407,0.9783460116,0.9794472535,0.9804263864,0.823700854,0.376741951,0.8185943902,6.8492645704,-0.0038896813,7.8403521147
ftb,gsd_natdis_pud_sequoia,0.9242110405,0.957286739,0.9651039735,0.9701149633,0.973246832,0.9753362519,0.9772289407,0.9783460116,0.9794472535,0.9804263864,0.8475495832,0.4685304659,0.8439528144,14.2809746747,-0.0109613993,10.1430323624
ftb,gsd_natdis_pud_spoken,0.9242110405,0.957286739,0.9651039735,0.9701149633,0.973246832,0.9753362519,0.9772289407,0.9783460116,0.9794472535,0.9804263864,0.8243107949,0.433915575,0.8070971817,13.1345154274,-0.0099357522,10.0998199354
ftb,gsd_natdis_sequoia_spoken,0.9242110405,0.957286739,0.9651039735,0.9701149633,0.973246832,0.9753362519,0.9772289407,0.9783460116,0.9794472535,0.9804263864,0.8391034284,0.4332215427,0.8331397804,9.171673978,-0.0067128251,8.700700691
ftb,gsd_partut_pud_sequoia,0.9242110405,0.957286739,0.9651039735,0.9701149633,0.973246832,0.9753362519,0.9772289407,0.9783460116,0.9794472535,0.9804263864,0.8678010187,0.5741123039,0.8437255668,12.5041471597,-0.0139580811,15.5392308868
ftb,gsd_partut_pud_spoken,0.9242110405,0.957286739,0.9651039735,0.9701149633,0.973246832,0.9753362519,0.9772289407,0.9783460116,0.9794472535,0.9804263864,0.8396724491,0.5262713653,0.7998967088,11.3576879124,-0.0128852216,15.1344873245
ftb,gsd_partut_sequoia_spoken,0.9242110405,0.957286739,0.9651039735,0.9701149633,0.973246832,0.9753362519,0.9772289407,0.9783460116,0.9794472535,0.9804263864,0.8657793608,0.5816882233,0.8299014018,7.3616691857,-0.0106990685,13.0155161432
ftb,gsd_pud_sequoia_spoken,0.9242110405,0.957286739,0.9651039735,0.9701149633,0.973246832,0.9753362519,0.9772289407,0.9783460116,0.9794472535,0.9804263864,0.8494499347,0.5529578463,0.8135614078,13.6690382276,-0.0140066757,15.5771351
ftb,natdis_partut_pud_sequoia,0.9242110405,0.957286739,0.9651039735,0.9701149633,0.973246832,0.9753362519,0.9772289407,0.9783460116,0.9794472535,0.9804263864,0.8422074034,0.4537487829,0.8392046784,11.8221697939,-0.0097085254,9.0703911839
ftb,natdis_partut_pud_spoken,0.9242110405,0.957286739,0.9651039735,0.9701149633,0.973246832,0.9753362519,0.9772289407,0.9783460116,0.9794472535,0.9804263864,0.8155501263,0.4142314677,0.7973435389,10.6793969108,-0.0085803621,9.0852327837
ftb,natdis_partut_sequoia_spoken,0.9242110405,0.957286739,0.9651039735,0.9701149633,0.973246832,0.9753362519,0.9772289407,0.9783460116,0.9794472535,0.9804263864,0.8297822729,0.405075188,0.8245891277,6.602278173,-0.0044747666,7.4995395155
ftb,natdis_pud_sequoia_spoken,0.9242110405,0.957286739,0.9651039735,0.9701149633,0.973246832,0.9753362519,0.9772289407,0.9783460116,0.9794472535,0.9804263864,0.8280411929,0.450459506,0.8108268417,12.9760017695,-0.01032993,9.7320560636
ftb,partut_pud_sequoia_spoken,0.9242110405,0.957286739,0.9651039735,0.9701149633,0.973246832,0.9753362519,0.9772289407,0.9783460116,0.9794472535,0.9804263864,0.844169558,0.5483136768,0.804319187,11.2323515317,-0.0132835829,14.0444654136
ftb,foot_ftb_gsd_natdis_partut,0.9242110405,0.957286739,0.9651039735,0.9701149633,0.973246832,0.9753362519,0.9772289407,0.9783460116,0.9794472535,0.9804263864,0.8849407634,0.377540311,0.8992308593,17.178456888,-0.0109710895,8.8390958126
ftb,foot_ftb_gsd_natdis_pud,0.9242110405,0.957286739,0.9651039735,0.9701149633,0.973246832,0.9753362519,0.9772289407,0.9783460116,0.9794472535,0.9804263864,0.8753833845,0.4071574797,0.8818518824,23.2351531684,-0.0128897922,9.6791951816
ftb,foot_ftb_gsd_natdis_sequoia,0.9242110405,0.957286739,0.9651039735,0.9701149633,0.973246832,0.9753362519,0.9772289407,0.9783460116,0.9794472535,0.9804263864,0.886576992,0.4026167896,0.8997329896,19.4345117411,-0.0117899774,9.140088006
ftb,foot_ftb_gsd_natdis_spoken,0.9242110405,0.957286739,0.9651039735,0.9701149633,0.973246832,0.9753362519,0.9772289407,0.9783460116,0.9794472535,0.9804263864,0.8757343572,0.3809270584,0.8819550236,18.3064843145,-0.0114482116,9.2089543609
ftb,foot_ftb_gsd_partut_pud,0.9242110405,0.957286739,0.9651039735,0.9701149633,0.973246832,0.9753362519,0.9772289407,0.9783460116,0.9794472535,0.9804263864,0.8849449595,0.441580756,0.884468761,21.7163711431,-0.0174039464,10.7382377801
ftb,foot_ftb_gsd_partut_sequoia,0.9242110405,0.957286739,0.9651039735,0.9701149633,0.973246832,0.9753362519,0.9772289407,0.9783460116,0.9794472535,0.9804263864,0.898338661,0.4426920169,0.9041177641,17.8788660744,-0.0168789264,10.1266897899
ftb,foot_ftb_gsd_partut_spoken,0.9242110405,0.957286739,0.9651039735,0.9701149633,0.973246832,0.9753362519,0.9772289407,0.9783460116,0.9794472535,0.9804263864,0.8865394116,0.4164117133,0.8848644947,16.7508386478,-0.0165232017,10.195552128
ftb,foot_ftb_gsd_pud_sequoia,0.9242110405,0.957286739,0.9651039735,0.9701149633,0.973246832,0.9753362519,0.9772289407,0.9783460116,0.9794472535,0.9804263864,0.8864318124,0.4605933974,0.8856860677,23.9503078114,-0.0176658117,11.0071225716
ftb,foot_ftb_gsd_pud_spoken,0.9242110405,0.957286739,0.9651039735,0.9701149633,0.973246832,0.9753362519,0.9772289407,0.9783460116,0.9794472535,0.9804263864,0.8765758041,0.4404721754,0.8696965695,22.825966749,-0.0173830225,11.0549243476
ftb,foot_ftb_gsd_sequoia_spoken,0.9242110405,0.957286739,0.9651039735,0.9701149633,0.973246832,0.9753362519,0.9772289407,0.9783460116,0.9794472535,0.9804263864,0.8881062843,0.4412963515,0.8861841134,19.0105798651,-0.0169742297,10.4838685926
ftb,foot_ftb_natdis_partut_pud,0.9242110405,0.957286739,0.9651039735,0.9701149633,0.973246832,0.9753362519,0.9772289407,0.9783460116,0.9794472535,0.9804263864,0.874932488,0.3957659987,0.8821455247,20.8758801194,-0.0124761102,9.2939010038
ftb,foot_ftb_natdis_partut_sequoia,0.9242110405,0.957286739,0.9651039735,0.9701149633,0.973246832,0.9753362519,0.9772289407,0.9783460116,0.9794472535,0.9804263864,0.886782466,0.3889361702,0.9011547254,16.9720204962,-0.0111735843,8.7109915732
ftb,foot_ftb_natdis_partut_spoken,0.9242110405,0.957286739,0.9651039735,0.9701149633,0.973246832,0.9753362519,0.9772289407,0.9783460116,0.9794472535,0.9804263864,0.8752497206,0.3654250239,0.8822862196,15.8255612489,-0.0108027563,8.7728961957
ftb,foot_ftb_natdis_pud_sequoia,0.9242110405,0.957286739,0.9651039735,0.9701149633,0.973246832,0.9753362519,0.9772289407,0.9783460116,0.9794472535,0.9804263864,0.8769299155,0.4160204773,0.8834624897,23.1135031518,-0.0130450618,9.5703535981
ftb,foot_ftb_natdis_pud_spoken,0.9242110405,0.957286739,0.9651039735,0.9701149633,0.973246832,0.9753362519,0.9772289407,0.9783460116,0.9794472535,0.9804263864,0.8672606285,0.3975565336,0.8677400992,21.9928484536,-0.0127587735,9.6260693276
ftb,foot_ftb_natdis_sequoia_spoken,0.9242110405,0.957286739,0.9651039735,0.9701149633,0.973246832,0.9753362519,0.9772289407,0.9783460116,0.9794472535,0.9804263864,0.8774616887,0.3914916059,0.883728106,18.0963615586,-0.0116556715,9.0764685618
ftb,foot_ftb_partut_pud_sequoia,0.9242110405,0.957286739,0.9651039735,0.9701149633,0.973246832,0.9753362519,0.9772289407,0.9783460116,0.9794472535,0.9804263864,0.8866091143,0.4518472023,0.8861962377,21.6168393114,-0.0175717468,10.5657209641
ftb,foot_ftb_partut_pud_spoken,0.9242110405,0.957286739,0.9651039735,0.9701149633,0.973246832,0.9753362519,0.9772289407,0.9783460116,0.9794472535,0.9804263864,0.8761861582,0.4301620349,0.869329852,20.492498249,-0.0172726388,10.6279655561
ftb,foot_ftb_partut_sequoia_spoken,0.9242110405,0.957286739,0.9651039735,0.9701149633,0.973246832,0.9753362519,0.9772289407,0.9783460116,0.9794472535,0.9804263864,0.888414793,0.4290504002,0.8867802585,16.5738931692,-0.0167512233,9.9893075056
ftb,foot_ftb_pud_sequoia_spoken,0.9242110405,0.957286739,0.9651039735,0.9701149633,0.973246832,0.9753362519,0.9772289407,0.9783460116,0.9794472535,0.9804263864,0.8781460142,0.4500585578,0.8713013597,22.7338076455,-0.0175576173,10.8904337201
ftb,foot_gsd_natdis_partut_pud,0.9242110405,0.957286739,0.9651039735,0.9701149633,0.973246832,0.9753362519,0.9772289407,0.9783460116,0.9794472535,0.9804263864,0.7937171601,0.3359345968,0.8300408982,16.2900431305,0.0045807194,9.3069108385
ftb,foot_gsd_natdis_partut_sequoia,0.9242110405,0.957286739,0.9651039735,0.9701149633,0.973246832,0.9753362519,0.9772289407,0.9783460116,0.9794472535,0.9804263864,0.7973389414,0.3158540667,0.862812372,12.3603789582,0.0123901811,8.2242180394
ftb,foot_gsd_natdis_partut_spoken,0.9242110405,0.957286739,0.9651039735,0.9701149633,0.973246832,0.9753362519,0.9772289407,0.9783460116,0.9794472535,0.9804263864,0.7707056485,0.2871980131,0.8161862201,11.213919711,0.0140216153,8.278067429
ftb,foot_gsd_natdis_pud_sequoia,0.9242110405,0.957286739,0.9651039735,0.9701149633,0.973246832,0.9753362519,0.9772289407,0.9783460116,0.9794472535,0.9804263864,0.8060130081,0.3636363636,0.8383281029,18.5460979836,0.0015087216,9.7616626753
ftb,foot_gsd_natdis_pud_spoken,0.9242110405,0.957286739,0.9651039735,0.9701149633,0.973246832,0.9753362519,0.9772289407,0.9783460116,0.9794472535,0.9804263864,0.7875827744,0.3421234653,0.8071869134,17.3996387363,0.0025954276,9.7856152321
ftb,foot_gsd_natdis_sequoia_spoken,0.9242110405,0.957286739,0.9651039735,0.9701149633,0.973246832,0.9753362519,0.9772289407,0.9783460116,0.9794472535,0.9804263864,0.7891248356,0.3248335893,0.8282569747,13.4957791131,0.008993413,8.8570834082
ftb,foot_gsd_partut_pud_sequoia,0.9242110405,0.957286739,0.9651039735,0.9701149633,0.973246832,0.9753362519,0.9772289407,0.9783460116,0.9794472535,0.9804263864,0.8149700599,0.3938155136,0.8372325935,17.0088841376,-0.0057157992,12.0656594208
ftb,foot_gsd_partut_pud_spoken,0.9242110405,0.957286739,0.9651039735,0.9701149633,0.973246832,0.9753362519,0.9772289407,0.9783460116,0.9794472535,0.9804263864,0.7935916542,0.3677795443,0.80125596,15.8550521621,-0.0046686989,12.0510254385
ftb,foot_gsd_partut_sequoia_spoken,0.9242110405,0.957286739,0.9651039735,0.9701149633,0.973246832,0.9753362519,0.9772289407,0.9783460116,0.9794472535,0.9804263864,0.797334319,0.3517160073,0.8247539548,11.9217016257,9.6282e-05,10.9081906273
ftb,foot_gsd_pud_sequoia_spoken,0.9242110405,0.957286739,0.9651039735,0.9701149633,0.973246832,0.9753362519,0.9772289407,0.9783460116,0.9794472535,0.9804263864,0.8062707979,0.3962483079,0.8126471811,18.1221661076,-0.0066267047,12.4230277021
ftb,foot_natdis_partut_pud_sequoia,0.9242110405,0.957286739,0.9651039735,0.9701149633,0.973246832,0.9753362519,0.9772289407,0.9783460116,0.9794472535,0.9804263864,0.7970587293,0.3473936268,0.8337262784,16.1647067497,0.0041468183,9.0225533584
ftb,foot_natdis_partut_pud_spoken,0.9242110405,0.957286739,0.9651039735,0.9701149633,0.973246832,0.9753362519,0.9772289407,0.9783460116,0.9794472535,0.9804263864,0.7765424616,0.3240956012,0.7990864161,15.0219338666,0.00535181,9.0742281985
ftb,foot_natdis_partut_sequoia_spoken,0.9242110405,0.957286739,0.9651039735,0.9701149633,0.973246832,0.9753362519,0.9772289407,0.9783460116,0.9794472535,0.9804263864,0.7750238125,0.3016085791,0.8208485087,11.0185424116,0.0134057762,8.0490258617
ftb,foot_natdis_pud_sequoia_spoken,0.9242110405,0.957286739,0.9651039735,0.9701149633,0.973246832,0.9753362519,0.9772289407,0.9783460116,0.9794472535,0.9804263864,0.7905659568,0.3527444254,0.8103535099,17.285361448,0.0021937017,9.5531933445
ftb,foot_partut_pud_sequoia_spoken,0.9242110405,0.957286739,0.9651039735,0.9701149633,0.973246832,0.9753362519,0.9772289407,0.9783460116,0.9794472535,0.9804263864,0.7970457707,0.3805226152,0.8049083566,15.7702657869,-0.005051772,11.5485883756
ftb,ftb_gsd_natdis_partut_pud,0.9242110405,0.957286739,0.9651039735,0.9701149633,0.973246832,0.9753362519,0.9772289407,0.9783460116,0.9794472535,0.9804263864,0.9027867738,0.5189019425,0.8878647966,19.220702621,-0.0203939332,9.9437843085
ftb,ftb_gsd_natdis_partut_sequoia,0.9242110405,0.957286739,0.9651039735,0.9701149633,0.973246832,0.9753362519,0.9772289407,0.9783460116,0.9794472535,0.9804263864,0.9187730264,0.5409064155,0.9076561121,15.3684520957,-0.0202758122,9.2700169958
ftb,ftb_gsd_natdis_partut_spoken,0.9242110405,0.957286739,0.9651039735,0.9701149633,0.973246832,0.9753362519,0.9772289407,0.9783460116,0.9794472535,0.9804263864,0.9067139618,0.5065012704,0.8886188272,14.2219928485,-0.0200413827,9.3187862831
ftb,ftb_gsd_natdis_pud_sequoia,0.9242110405,0.957286739,0.9651039735,0.9701149633,0.973246832,0.9753362519,0.9772289407,0.9783460116,0.9794472535,0.9804263864,0.9033096981,0.5354587542,0.8888944009,21.4620120175,-0.0204528218,10.25281539
ftb,ftb_gsd_natdis_pud_spoken,0.9242110405,0.957286739,0.9651039735,0.9701149633,0.973246832,0.9753362519,0.9772289407,0.9783460116,0.9794472535,0.9804263864,0.8932728785,0.5109054155,0.873052896,20.3266118627,-0.0202672103,10.2828516096
ftb,ftb_gsd_natdis_sequoia_spoken,0.9242110405,0.957286739,0.9651039735,0.9701149633,0.973246832,0.9753362519,0.9772289407,0.9783460116,0.9794472535,0.9804263864,0.9070569167,0.528691761,0.8897103006,16.4964795222,-0.0202396364,9.6527654774
ftb,ftb_gsd_partut_pud_sequoia,0.9242110405,0.957286739,0.9651039735,0.9701149633,0.973246832,0.9753362519,0.9772289407,0.9783460116,0.9794472535,0.9804263864,0.9154016237,0.6241692662,0.8920250182,19.7257345081,-0.0225832092,12.5294595664
ftb,ftb_gsd_partut_pud_spoken,0.9242110405,0.957286739,0.9651039735,0.9701149633,0.973246832,0.9753362519,0.9772289407,0.9783460116,0.9794472535,0.9804263864,0.9045506182,0.593698404,0.8750218249,18.5977070815,-0.0223543491,12.4920187395
ftb,ftb_gsd_partut_sequoia_spoken,0.9242110405,0.957286739,0.9651039735,0.9701149633,0.973246832,0.9753362519,0.9772289407,0.9783460116,0.9794472535,0.9804263864,0.9210776989,0.6456923358,0.8932473862,14.7380838279,-0.0225615241,11.6897131144
ftb,ftb_gsd_pud_sequoia_spoken,0.9242110405,0.957286739,0.9651039735,0.9701149633,0.973246832,0.9753362519,0.9772289407,0.9783460116,0.9794472535,0.9804263864,0.9049827898,0.604648318,0.8767086972,20.8574482987,-0.0223281974,12.8391430844
ftb,ftb_natdis_partut_pud_sequoia,0.9242110405,0.957286739,0.9651039735,0.9701149633,0.973246832,0.9753362519,0.9772289407,0.9783460116,0.9794472535,0.9804263864,0.9044773703,0.531239213,0.8895727986,19.062188963,-0.0205553922,9.7975960918
ftb,ftb_natdis_partut_pud_spoken,0.9242110405,0.957286739,0.9651039735,0.9701149633,0.973246832,0.9753362519,0.9772289407,0.9783460116,0.9794472535,0.9804263864,0.8938519955,0.5043093408,0.8728710149,17.9304751723,-0.0203587203,9.8304312633
ftb,ftb_natdis_partut_sequoia_spoken,0.9242110405,0.957286739,0.9651039735,0.9701149633,0.973246832,0.9753362519,0.9772289407,0.9783460116,0.9794472535,0.9804263864,0.908622991,0.5224760501,0.8905106671,13.9823791794,-0.0202705873,9.1493829506
ftb,ftb_natdis_pud_sequoia_spoken,0.9242110405,0.957286739,0.9651039735,0.9701149633,0.973246832,0.9753362519,0.9772289407,0.9783460116,0.9794472535,0.9804263864,0.8948666081,0.5222795744,0.8746408984,20.1791572972,-0.0204354298,10.1377610542
ftb,ftb_partut_pud_sequoia_spoken,0.9242110405,0.957286739,0.9651039735,0.9701149633,0.973246832,0.9753362519,0.9772289407,0.9783460116,0.9794472535,0.9804263864,0.9062695512,0.6073077968,0.8767233396,18.4797434291,-0.0225451261,12.2242309143
ftb,gsd_natdis_partut_pud_sequoia,0.9242110405,0.957286739,0.9651039735,0.9701149633,0.973246832,0.9753362519,0.9772289407,0.9783460116,0.9794472535,0.9804263864,0.8505130717,0.4711117389,0.8461688135,14.5132156154,-0.0116040856,9.9605387276
ftb,gsd_natdis_partut_pud_spoken,0.9242110405,0.957286739,0.9651039735,0.9701149633,0.973246832,0.9753362519,0.9772289407,0.9783460116,0.9794472535,0.9804263864,0.8282605348,0.4370519071,0.8109075833,13.3593836399,-0.0106184995,9.9424425795
ftb,gsd_natdis_partut_sequoia_spoken,0.9242110405,0.957286739,0.9651039735,0.9701149633,0.973246832,0.9753362519,0.9772289407,0.9783460116,0.9794472535,0.9804263864,0.84349958,0.4374637541,0.8366100685,9.4039149187,-0.0076835451,8.6041218936
ftb,gsd_natdis_pud_sequoia_spoken,0.9242110405,0.957286739,0.9651039735,0.9701149633,0.973246832,0.9753362519,0.9772289407,0.9783460116,0.9794472535,0.9804263864,0.8375003807,0.4664382693,0.8210124616,15.6264975854,-0.0119826334,10.4647546503
ftb,gsd_partut_pud_sequoia_spoken,0.9242110405,0.957286739,0.9651039735,0.9701149633,0.973246832,0.9753362519,0.9772289407,0.9783460116,0.9794472535,0.9804263864,0.8524356577,0.5546086957,0.8172114482,13.8975928042,-0.014515231,14.8429354191
ftb,natdis_partut_pud_sequoia_spoken,0.9242110405,0.957286739,0.9651039735,0.9701149633,0.973246832,0.9753362519,0.9772289407,0.9783460116,0.9794472535,0.9804263864,0.8318305473,0.4533106961,0.8144750255,13.2082427102,-0.0109984113,9.5767929564
ftb,foot_ftb_gsd_natdis_partut_pud,0.9242110405,0.957286739,0.9651039735,0.9701149633,0.973246832,0.9753362519,0.9772289407,0.9783460116,0.9794472535,0.9804263864,0.8761282064,0.4090122621,0.8820383565,23.4452759244,-0.0131511698,9.6094679831
ftb,foot_ftb_gsd_natdis_partut_sequoia,0.9242110405,0.957286739,0.9651039735,0.9701149633,0.973246832,0.9753362519,0.9772289407,0.9783460116,0.9794472535,0.9804263864,0.887180237,0.4048033415,0.899554979,19.6483208611,-0.01214014,9.0790548657
ftb,foot_ftb_gsd_natdis_partut_spoken,0.9242110405,0.957286739,0.9651039735,0.9701149633,0.973246832,0.9753362519,0.9772289407,0.9783460116,0.9794472535,0.9804263864,0.8765573199,0.3833318697,0.8821576911,18.5166070704,-0.0118139067,9.1495831496
ftb,foot_ftb_gsd_natdis_pud_sequoia,0.9242110405,0.957286739,0.9651039735,0.9701149633,0.973246832,0.9753362519,0.9772289407,0.9783460116,0.9794472535,0.9804263864,0.8779314824,0.4271126761,0.8832727944,25.6534080436,-0.0135958257,9.8615701279
ftb,foot_ftb_gsd_natdis_pud_spoken,0.9242110405,0.957286739,0.9651039735,0.9701149633,0.973246832,0.9753362519,0.9772289407,0.9783460116,0.9794472535,0.9804263864,0.8689100088,0.4099326002,0.8685854088,24.5290669812,-0.0133405135,9.9123632987
ftb,foot_ftb_gsd_natdis_sequoia_spoken,0.9242110405,0.957286739,0.9651039735,0.9701149633,0.973246832,0.9753362519,0.9772289407,0.9783460116,0.9794472535,0.9804263864,0.8785319387,0.406133073,0.8835013548,20.7505437387,-0.0124937946,9.4151004511
ftb,foot_ftb_gsd_partut_pud_sequoia,0.9242110405,0.957286739,0.9651039735,0.9701149633,0.973246832,0.9753362519,0.9772289407,0.9783460116,0.9794472535,0.9804263864,0.8869837935,0.4621758224,0.8858000886,24.1604305673,-0.0178240677,10.8810542332
ftb,foot_ftb_gsd_partut_pud_spoken,0.9242110405,0.957286739,0.9651039735,0.9701149633,0.973246832,0.9753362519,0.9772289407,0.9783460116,0.9794472535,0.9804263864,0.8773096713,0.4422433969,0.8701191478,23.0324031408,-0.0175548029,10.9393008055
ftb,foot_ftb_gsd_partut_sequoia_spoken,0.9242110405,0.957286739,0.9651039735,0.9701149633,0.973246832,0.9753362519,0.9772289407,0.9783460116,0.9794472535,0.9804263864,0.8886878949,0.4433730198,0.8862987974,19.2280753493,-0.0172100938,10.3734625403
ftb,foot_ftb_gsd_pud_sequoia_spoken,0.9242110405,0.957286739,0.9651039735,0.9701149633,0.973246832,0.9753362519,0.9772289407,0.9783460116,0.9794472535,0.9804263864,0.8790788293,0.4598710279,0.8719217899,25.2479079884,-0.0177569927,11.1760783682
ftb,foot_ftb_natdis_partut_pud_sequoia,0.9242110405,0.957286739,0.9651039735,0.9701149633,0.973246832,0.9753362519,0.9772289407,0.9783460116,0.9794472535,0.9804263864,0.8776464599,0.4177933816,0.883617902,23.3273122719,-0.0133001428,9.496633914
ftb,foot_ftb_natdis_partut_pud_spoken,0.9242110405,0.957286739,0.9651039735,0.9701149633,0.973246832,0.9753362519,0.9772289407,0.9783460116,0.9794472535,0.9804263864,0.8681522883,0.3994880289,0.8681939282,22.2029712095,-0.0130271929,9.5557450314
ftb,foot_ftb_natdis_partut_sequoia_spoken,0.9242110405,0.957286739,0.9651039735,0.9701149633,0.973246832,0.9753362519,0.9772289407,0.9783460116,0.9794472535,0.9804263864,0.8782494508,0.3937810295,0.8838932016,18.3212297711,-0.012014002,9.011219795
ftb,foot_ftb_natdis_pud_sequoia_spoken,0.9242110405,0.957286739,0.9651039735,0.9701149633,0.973246832,0.9753362519,0.9772289407,0.9783460116,0.9794472535,0.9804263864,0.8703496793,0.4182112904,0.8700617378,24.4184760571,-0.0134950791,9.8040221861
ftb,foot_ftb_partut_pud_sequoia_spoken,0.9242110405,0.957286739,0.9651039735,0.9701149633,0.973246832,0.9753362519,0.9772289407,0.9783460116,0.9794472535,0.9804263864,0.8788507393,0.4517332891,0.8716931003,22.9476167656,-0.0177231083,10.7691093097
ftb,foot_gsd_natdis_partut_pud_sequoia,0.9242110405,0.957286739,0.9651039735,0.9701149633,0.973246832,0.9753362519,0.9772289407,0.9783460116,0.9794472535,0.9804263864,0.8098497866,0.3661146497,0.8404371585,18.770966196,0.0004901516,9.6368283732
ftb,foot_gsd_natdis_partut_pud_spoken,0.9242110405,0.957286739,0.9651039735,0.9701149633,0.973246832,0.9753362519,0.9772289407,0.9783460116,0.9794472535,0.9804263864,0.7920451722,0.3448157669,0.8104415082,17.6208205847,0.0015350406,9.6707924854
ftb,foot_gsd_natdis_partut_sequoia_spoken,0.9242110405,0.957286739,0.9651039735,0.9701149633,0.973246832,0.9753362519,0.9772289407,0.9783460116,0.9794472535,0.9804263864,0.7946274726,0.3281994123,0.8313311688,13.7243336897,0.0074330771,8.7650070989
ftb,foot_gsd_natdis_pud_sequoia_spoken,0.9242110405,0.957286739,0.9651039735,0.9701149633,0.973246832,0.9753362519,0.9772289407,0.9783460116,0.9794472535,0.9804263864,0.802947564,0.3698815298,0.8192559149,19.8547572529,-0.0009177887,10.0634329938
ftb,foot_gsd_partut_pud_sequoia_spoken,0.9242110405,0.957286739,0.9651039735,0.9701149633,0.973246832,0.9753362519,0.9772289407,0.9783460116,0.9794472535,0.9804263864,0.8102096107,0.3987172123,0.8157877236,18.3470343201,-0.0073403359,12.1074085912
ftb,foot_natdis_partut_pud_sequoia_spoken,0.9242110405,0.957286739,0.9651039735,0.9701149633,0.973246832,0.9753362519,0.9772289407,0.9783460116,0.9794472535,0.9804263864,0.7949248951,0.3553213193,0.8134903986,17.5139160246,0.0011504214,9.4337875075
ftb,ftb_gsd_natdis_partut_pud_sequoia,0.9242110405,0.957286739,0.9651039735,0.9701149633,0.973246832,0.9753362519,0.9772289407,0.9783460116,0.9794472535,0.9804263864,0.9035511662,0.5366361366,0.8889447399,21.6721347735,-0.0205648025,10.1557043183
ftb,ftb_gsd_natdis_partut_pud_spoken,0.9242110405,0.957286739,0.9651039735,0.9701149633,0.973246832,0.9753362519,0.9772289407,0.9783460116,0.9794472535,0.9804263864,0.8937029104,0.5123645165,0.8734061785,20.5330482545,-0.0203908249,10.1864279413
ftb,ftb_gsd_natdis_partut_sequoia_spoken,0.9242110405,0.957286739,0.9651039735,0.9701149633,0.973246832,0.9753362519,0.9772289407,0.9783460116,0.9794472535,0.9804263864,0.9072479097,0.5302518826,0.8897482046,16.7102886423,-0.020416563,9.5727819025
ftb,ftb_gsd_natdis_pud_sequoia_spoken,0.9242110405,0.957286739,0.9651039735,0.9701149633,0.973246832,0.9753362519,0.9772289407,0.9783460116,0.9794472535,0.9804263864,0.8946549482,0.528049952,0.8750343061,22.7559258304,-0.020409309,10.4699235969
ftb,ftb_gsd_partut_pud_sequoia_spoken,0.9242110405,0.957286739,0.9651039735,0.9701149633,0.973246832,0.9753362519,0.9772289407,0.9783460116,0.9794472535,0.9804263864,0.9051959335,0.605145549,0.876996312,21.0675710547,-0.0224074673,12.6232438299
ftb,ftb_natdis_partut_pud_sequoia_spoken,0.9242110405,0.957286739,0.9651039735,0.9701149633,0.973246832,0.9753362519,0.9772289407,0.9783460116,0.9794472535,0.9804263864,0.8952666267,0.5236011254,0.8749639781,20.3929664172,-0.0205527019,10.0441399382
ftb,gsd_natdis_partut_pud_sequoia_spoken,0.9242110405,0.957286739,0.9651039735,0.9701149633,0.973246832,0.9753362519,0.9772289407,0.9783460116,0.9794472535,0.9804263864,0.8403994779,0.4687539136,0.8237527995,15.8513657979,-0.0125287704,10.2971989696
ftb,foot_ftb_gsd_natdis_partut_pud_sequoia,0.9242110405,0.957286739,0.9651039735,0.9701149633,0.973246832,0.9753362519,0.9772289407,0.9783460116,0.9794472535,0.9804263864,0.8785835082,0.4286912752,0.8834214901,25.8598444354,-0.0138039488,9.7885602155
ftb,foot_ftb_gsd_natdis_partut_pud_spoken,0.9242110405,0.957286739,0.9651039735,0.9701149633,0.973246832,0.9753362519,0.9772289407,0.9783460116,0.9794472535,0.9804263864,0.8697146576,0.4116487077,0.8689948511,24.7318170089,-0.0135606681,9.8436581378
ftb,foot_ftb_gsd_natdis_partut_sequoia_spoken,0.9242110405,0.957286739,0.9651039735,0.9701149633,0.973246832,0.9753362519,0.9772289407,0.9783460116,0.9794472535,0.9804263864,0.8792418244,0.4081303436,0.8836591603,20.9606664946,-0.0127902955,9.3514199063
ftb,foot_ftb_gsd_natdis_pud_sequoia_spoken,0.9242110405,0.957286739,0.9651039735,0.9701149633,0.973246832,0.9753362519,0.9772289407,0.9783460116,0.9794472535,0.9804263864,0.8717007471,0.4285052297,0.8707122881,26.9215173075,-0.0139219575,10.0706408757
ftb,foot_ftb_gsd_partut_pud_sequoia_spoken,0.9242110405,0.957286739,0.9651039735,0.9701149633,0.973246832,0.9753362519,0.9772289407,0.9783460116,0.9794472535,0.9804263864,0.879720116,0.4613487476,0.8722766431,25.4543443801,-0.0178871686,11.0585615833
ftb,foot_ftb_natdis_partut_pud_sequoia_spoken,0.9242110405,0.957286739,0.9651039735,0.9701149633,0.973246832,0.9753362519,0.9772289407,0.9783460116,0.9794472535,0.9804263864,0.8711297922,0.4198558735,0.8704450418,24.628598813,-0.0137092115,9.7303283837
ftb,foot_gsd_natdis_partut_pud_sequoia_spoken,0.9242110405,0.957286739,0.9651039735,0.9701149633,0.973246832,0.9753362519,0.9772289407,0.9783460116,0.9794472535,0.9804263864,0.8064107869,0.3721315354,0.8217067437,20.0759391013,-0.0017546473,9.9438474614
ftb,ftb_gsd_natdis_partut_pud_sequoia_spoken,0.9242110405,0.957286739,0.9651039735,0.9701149633,0.973246832,0.9753362519,0.9772289407,0.9783460116,0.9794472535,0.9804263864,0.8950314808,0.529199163,0.8753294202,22.9623622221,-0.0204967741,10.3717188482
ftb,foot_ftb_gsd_natdis_partut_pud_sequoia_spoken,0.9242110405,0.957286739,0.9651039735,0.9701149633,0.973246832,0.9753362519,0.9772289407,0.9783460116,0.9794472535,0.9804263864,0.8724109204,0.4299802761,0.871061418,27.1242673351,-0.0140948743,9.9981761863
